<BackupInst xmlns="http://www.microsoft.com/GroupPolicy/GPOOperations/Manifest"><GPOGuid><![CDATA[{7BF53157-74E8-4BC6-84DF-5CC61AC93C03}]]></GPOGuid><GPODomain><![CDATA[ADSHclass.com]]></GPODomain><GPODomainGuid><![CDATA[{3aaef579-e13f-485a-b8ae-5a830b2b2020}]]></GPODomainGuid><GPODomainController><![CDATA[ADSH-DC1.ADSHClass.com]]></GPODomainController><BackupTime><![CDATA[2021-06-04T22:28:43]]></BackupTime><ID><![CDATA[{A8B986D9-79AC-4FB5-8025-CC79F657E4DE}]]></ID><Comment><![CDATA[ADSH-Seccurity]]></Comment><GPODisplayName><![CDATA[ADSH-Security]]></GPODisplayName></BackupInst>
