<?xml version="1.0" encoding="utf-8"?>
<StartMenuTaskbar clsid="{4C4059E4-2F6E-4630-9CB8-5D9A89252C3B}"><StartMenu clsid="{F722CC65-E38A-496b-BA76-49EBF9571415}" name="Start Menu (Windows XP)" changed="2021-06-04 22:26:36" uid="{12266AD6-4E13-488D-93F7-7DE97EBADE53}"><Filters><FilterCollection hidden="1" bool="AND" not="0"><FilterOs hidden="1" not="0" bool="AND" class="NT" version="XP" type="NE" edition="NE" sp="NE"/><FilterOs hidden="1" not="0" bool="OR" class="NT" version="2K3" type="NE" edition="NE" sp="NE"/><FilterOs hidden="1" not="0" bool="OR" class="NT" version="2K3R2" type="NE" edition="NE" sp="NE"/></FilterCollection></Filters><Properties largeMFUIcons="1" minMFU="6"/></StartMenu>
</StartMenuTaskbar>
