<BackupInst xmlns="http://www.microsoft.com/GroupPolicy/GPOOperations/Manifest"><GPOGuid><![CDATA[{FF0BD836-01C8-41E8-BC51-FEAE67EF2068}]]></GPOGuid><GPODomain><![CDATA[ADSHclass.com]]></GPODomain><GPODomainGuid><![CDATA[{3aaef579-e13f-485a-b8ae-5a830b2b2020}]]></GPODomainGuid><GPODomainController><![CDATA[ADSH-DC1.ADSHClass.com]]></GPODomainController><BackupTime><![CDATA[2021-06-04T22:27:36]]></BackupTime><ID><![CDATA[{AE325822-3FFB-40D8-8D7E-4B613965865D}]]></ID><Comment><![CDATA[ADSH-main2]]></Comment><GPODisplayName><![CDATA[ADSH-main2]]></GPODisplayName></BackupInst>
