<BackupInst xmlns="http://www.microsoft.com/GroupPolicy/GPOOperations/Manifest"><GPOGuid><![CDATA[{1CDA10C8-D3D3-4178-BB21-96AD52118EA5}]]></GPOGuid><GPODomain><![CDATA[ADSHclass.com]]></GPODomain><GPODomainGuid><![CDATA[{3aaef579-e13f-485a-b8ae-5a830b2b2020}]]></GPODomainGuid><GPODomainController><![CDATA[ADSH-DC1.ADSHClass.com]]></GPODomainController><BackupTime><![CDATA[2021-06-04T22:28:31]]></BackupTime><ID><![CDATA[{4B3ED723-E986-4F08-9ADF-75FB08723A4A}]]></ID><Comment><![CDATA[ADSH-login]]></Comment><GPODisplayName><![CDATA[ADSH-login]]></GPODisplayName></BackupInst>
