<BackupInst xmlns="http://www.microsoft.com/GroupPolicy/GPOOperations/Manifest"><GPOGuid><![CDATA[{84A60DE1-D7D6-40BC-86D2-32D15EB620C3}]]></GPOGuid><GPODomain><![CDATA[ADSHclass.com]]></GPODomain><GPODomainGuid><![CDATA[{3aaef579-e13f-485a-b8ae-5a830b2b2020}]]></GPODomainGuid><GPODomainController><![CDATA[ADSH-DC1.ADSHClass.com]]></GPODomainController><BackupTime><![CDATA[2021-06-04T22:30:42]]></BackupTime><ID><![CDATA[{A5E122AC-77C2-401F-81B4-EFA183A1D317}]]></ID><Comment><![CDATA[ADSH-LA]]></Comment><GPODisplayName><![CDATA[ADSH-LA]]></GPODisplayName></BackupInst>
