<BackupInst xmlns="http://www.microsoft.com/GroupPolicy/GPOOperations/Manifest"><GPOGuid><![CDATA[{5BCAD227-D4A4-4934-A6E8-198D122344A0}]]></GPOGuid><GPODomain><![CDATA[ADSHclass.com]]></GPODomain><GPODomainGuid><![CDATA[{3aaef579-e13f-485a-b8ae-5a830b2b2020}]]></GPODomainGuid><GPODomainController><![CDATA[ADSH-DC1.ADSHClass.com]]></GPODomainController><BackupTime><![CDATA[2021-06-04T22:27:44]]></BackupTime><ID><![CDATA[{A43FBAB2-05B4-4E79-BA2E-53092931DF0B}]]></ID><Comment><![CDATA[ADSH-main]]></Comment><GPODisplayName><![CDATA[ADSH-main]]></GPODisplayName></BackupInst>
