<BackupInst xmlns="http://www.microsoft.com/GroupPolicy/GPOOperations/Manifest"><GPOGuid><![CDATA[{81A968EB-C710-4A43-AF7C-11ED4160E0F0}]]></GPOGuid><GPODomain><![CDATA[ADSHclass.com]]></GPODomain><GPODomainGuid><![CDATA[{3aaef579-e13f-485a-b8ae-5a830b2b2020}]]></GPODomainGuid><GPODomainController><![CDATA[ADSH-DC1.ADSHClass.com]]></GPODomainController><BackupTime><![CDATA[2021-06-04T22:28:01]]></BackupTime><ID><![CDATA[{5145253C-5E63-44B9-A8F1-4562624B9DA9}]]></ID><Comment><![CDATA[ADSH-ApplockerWrite]]></Comment><GPODisplayName><![CDATA[ADSH-ApplockWrite]]></GPODisplayName></BackupInst>
